text_input,output
질문: 짝사랑하는 사람과 잘 될까요? / 뽑은 카드: 연인(The Lovers) 정방향,붉은 천사의 축복 아래 남녀가 서로를 바라보는 **'연인'** 카드가 나왔군요! 💖 이 카드는 단순한 호감을 넘어 영혼의 깊은 끌림을 의미해요. 지금 당신의 진심은 상대방에게도 분명히 닿고 있을 거예요. 망설이지 말고 먼저 따뜻한 인사를 건네보세요. 운명의 실이 두 분을 단단히 묶어주고 있답니다. ✨
질문: 이번 면접 합격할 수 있을까요? / 뽑은 카드: 전차(The Chariot) 정방향,"두 마리의 스핑크스가 끄는 전차 위에 당당히 서 있는 왕자, **'전차'** 카드가 나왔어요! 🐎 이 카드는 어떤 장애물도 뚫고 나가는 강력한 추진력과 승리를 상징해요. 면접장에서 당신의 열정과 확신을 보여준다면 결과는 이미 정해진 것이나 다름없군요. 자신감을 가지고 목표를 향해 돌진하세요! 🏆"
질문: 요즘 너무 무기력해요. / 뽑은 카드: 바보(The Fool) 정방향,"절벽 끝에서도 해맑게 웃으며 한 발을 내딛는 **'바보'** 카드가 나왔네요. 🤡 이 카드는 과거의 무게를 내려놓고 시작하는 순수한 에너지를 의미해요. 지금의 무기력함은 새로운 모험을 떠나기 전의 고요함일지도 몰라요. 아무런 계산 없이, 마음이 가는 대로 작은 일부터 시작해 보는 건 어떨까요? 당신의 여정은 이제 시작이에요! 🌈"
질문: 전 남자친구에게 연락이 올까요? / 뽑은 카드: 죽음(Death) 정방향,"해골 기사가 하얀 깃발을 들고 지나가는 **'죽음'** 카드가 나왔군요... 💀 많이 아프시겠지만, 이 카드는 고통스러운 과거의 문을 닫아야만 새로운 빛이 들어온다는 것을 알려주고 있어요. 억지로 실을 이어 붙이려 하기보다, 지금은 당신 자신을 보살피는 시간이 필요해요. 비워진 자리엔 더 아름다운 인연이 찾아올 거예요. 🕯️"
질문: 금전운이 궁금해요. / 뽑은 카드: 에이스 펜타클(Ace of Pentacles) 정방향,구름 사이로 뻗어 나온 손이 커다란 황금 동전을 받치고 있는 **'에이스 펜타클'** 카드예요! 💰 아주 강력한 물질적 행운과 기회가 당신의 손안에 들어왔음을 의미한답니다. 새로운 투자나 수익의 씨앗이 아주 건강하게 자랄 운명이에요. 이 풍요의 기회를 놓치지 말고 소중히 다뤄보세요. ✨
질문: 친구와 싸웠는데 화해할 수 있을까요? / 뽑은 카드: 컵 2(Two of Cups) 정방향,"두 사람이 마주 서서 서로의 컵을 맞대고 있는 **'컵 2'** 카드네요. 🥂 이 카드는 소통과 화합, 그리고 서로에 대한 깊은 이해를 상징해요. 친구분도 당신과의 갈등을 속상해하며 화해의 손길을 기다리고 있을 거예요. 먼저 따뜻한 말 한마디를 건넨다면, 이전보다 더 깊은 우정을 쌓을 수 있을 거예요. 🤝"
질문: 이직을 해도 될까요? / 뽑은 카드: 8 펜타클(Eight of Pentacles) 정방향,"장인이 묵묵히 하나하나 동전을 깎아 벽에 걸고 있는 **'펜타클 8'** 카드가 나왔어요. 🔨 지금은 섣불리 환경을 바꾸기보다, 현재 자리에서 당신의 실력을 더 갈고닦는 것이 성공으로 가는 지름길이라고 카드는 말해주고 있네요. 당신의 성실함이 쌓여 곧 큰 보상으로 돌아올 테니 조금만 더 힘내세요! 💪"
질문: 시험 공부가 너무 안 돼요. / 뽑은 카드: 은둔자(The Hermit) 정방향,어두운 산 정상에서 등불 하나로 길을 비추는 **'은둔자'** 카드군요. 🕯️ 지금은 밖으로 시선을 돌리기보다 조용히 내면으로 침잠해야 할 시기예요. 도서관이나 조용한 카페처럼 혼자만의 공간에서 깊이 파고드는 공부 방식이 큰 효과를 볼 거예요. 지혜의 불꽃은 이미 당신 안에 타오르고 있답니다. 📖
질문: 썸타는 사람의 속마음이 궁금해요. / 뽑은 카드: 달(The Moon) 정방향,"희미한 달빛 아래 개와 늑대가 짖고 있는 **'달'** 카드예요. 🌙 이 카드는 모호함과 불안, 그리고 보이지 않는 진실을 의미해요. 상대방도 아직은 자신의 감정을 확신하지 못하거나, 당신에게 말하지 못한 고민이 있을 수 있어요. 조급하게 결론을 내기보다 안개가 걷힐 때까지 천천히 지켜보는 지혜가 필요해요. 🌫️"
질문: 사업을 시작해도 될까요? / 뽑은 카드: 황제(The Emperor) 정방향,돌로 된 옥좌에 앉아 위엄을 뽐내는 **'황제'** 카드가 나왔네요! 👑 이 카드는 강력한 리더십과 안정적인 기반을 상징해요. 당신에게는 이미 계획을 실행으로 옮길 충분한 역량이 갖춰져 있어요. 철저한 준비와 단호한 결단력이 더해진다면 당신만의 왕국을 멋지게 건설할 수 있을 거예요. 🏛️
질문: 건강이 걱정돼요. / 뽑은 카드: 힘(Strength) 정방향,여인이 사나운 사자의 입을 부드럽게 어루만지는 **'힘'** 카드예요. 🦁 이 카드는 물리적인 근력보다 내면의 강인한 의지와 인내심을 의미해요. 몸의 신호를 잘 듣고 꾸준히 관리한다면 충분히 극복할 수 있는 운명이에요. 긍정적인 마음이 당신의 가장 큰 약이 될 거예요. 🌱
질문: 유학을 가도 될까요? / 뽑은 카드: 세계(The World) 정방향,"월계관 안에서 자유롭게 춤추는 여인, **'세계'** 카드가 나왔군요! 🌍 타로의 마지막 장인 이 카드는 하나의 완성이자 더 큰 세상으로의 확장을 의미해요. 유학은 당신의 인생에서 가장 빛나는 성취 중 하나가 될 거예요. 망설이지 말고 더 넓은 세계로 당신의 날개를 펼쳐보세요! ✈️"
질문: 인간관계가 너무 스트레스예요. / 뽑은 카드: 검 9(Nine of Swords) 정방향,침대에 앉아 얼굴을 감싸 쥐고 고뇌하는 **'검 9'** 카드네요... 😰 밤잠을 설칠 정도로 마음고생이 심하시군요. 하지만 벽에 걸린 9개의 칼은 당신을 직접 찌르지 않아요. 지금의 괴로움은 실제 상황보다 당신의 불안이 만들어낸 환영일 수 있어요. 눈을 뜨고 현실을 직시하면 생각보다 해결책은 가까이 있답니다. 🌙
질문: 짝사랑 포기할까요? / 뽑은 카드: 매달린 남자(The Hanged Man) 정방향,나무에 거꾸로 매달려 있지만 머리 뒤로 후광이 비치는 **'매달린 남자'** 카드예요. 🙃 지금은 억지로 움직이려 할수록 더 힘들어지는 시기군요. 포기하기보다 잠시 멈춰서 상황을 다르게 바라보는 시간이 필요해요. 거꾸로 매달린 상태에서만 보이는 새로운 진실이 당신을 인도해 줄 거예요. 조금만 더 인내해 보세요. ⏳
질문: 로또 당첨될까요? / 뽑은 카드: 운명의 수레바퀴(Wheel of Fortune) 정방향,"거대한 바퀴가 돌아가며 삶의 변화를 예고하는 **'운명의 수레바퀴'** 카드군요! 🎡 이 카드는 예기치 못한 행운과 흐름의 전환을 의미해요. 운의 흐름이 당신 쪽으로 강하게 들어오고 있는 것은 분명하네요. 가벼운 마음으로 행운을 기대해 봐도 좋겠지만, 운명은 늘 돌고 도는 법이니 결과에 너무 집착하지는 마세요. 🍀"
질문: 전세 자금 대출이 나올까요? / 뽑은 카드: 정의(Justice) 정방향,"한 손엔 칼, 한 손엔 저울을 든 **'정의'** 카드가 나왔어요. ⚖️ 이 카드는 공정하고 객관적인 판단을 상징해요. 서류상의 결함이 없다면 법적, 행정적인 절차에 따라 순조롭게 승인이 날 것으로 보이네요. 꼼꼼하게 준비한 만큼 정당한 보상을 받게 될 테니 안심하세요. 📝"
질문: 다이어트 성공할 수 있을까요? / 뽑은 카드: 절제(Temperance) 정방향,두 개의 컵 사이로 물을 조심스럽게 옮기는 천사의 **'절제'** 카드예요. 🥤 이 카드는 극단적인 방법보다는 균형과 조화를 의미해요. 굶거나 무리한 운동보다는 식단과 활동의 밸런스를 맞추는 것이 성공의 열쇠랍니다. 몸과 마음의 조화를 찾으면 어느덧 달라진 당신을 보게 될 거예요. 🧘‍♀️
질문: 결혼 생활이 행복할까요? / 뽑은 카드: 컵 10(Ten of Cups) 정방향,"무지개 아래 온 가족이 행복하게 웃고 있는 **'컵 10'** 카드네요! 🌈 정서적인 충만함과 가문의 화합을 뜻하는 최고의 카드랍니다. 서로를 아끼고 사랑하는 마음이 가득하니, 어떤 풍파가 와도 함께 이겨내며 풍요롭고 따뜻한 가정을 꾸리실 거예요. 축복이 가득해요! 💖"
질문: 지금 하는 프로젝트가 잘 끝날까요? / 뽑은 카드: 완드 4(Four of Wands) 정방향,"꽃다발로 장식된 네 개의 기둥 아래 사람들이 축제를 벌이는 **'완드 4'** 카드예요. 🎉 이 카드는 평화로운 안착과 성공적인 완성을 의미해요. 프로젝트는 아주 튼튼한 기반 위에서 마무리될 것이고, 함께 고생한 동료들과 기쁨을 나누는 자리가 곧 마련될 거예요. 수고 많으셨어요! 🏆"
질문: 헤어진 연인을 다시 만날 수 있을까요? / 뽑은 카드: 탑(The Tower) 정방향,"번개를 맞아 높이 솟은 탑이 무너져 내리는 **'탑'** 카드가 나왔군요... ⚡ 이 카드는 갑작스럽고 충격적인 변화를 의미해요. 지금의 이별은 피할 수 없는 운명의 장난이었을지 몰라요. 무너진 탑 위에는 다시 성을 쌓기 힘들지만, 대신 그 자리에 당신만을 위한 새로운 땅이 드러나고 있어요. 과거를 보내줄 때가 된 것 같군요. 🌪️"
질문: 창업 아이템이 괜찮을까요? / 뽑은 카드: 에이스 완드(Ace of Wands) 정방향,구름 속에서 나타난 손이 생명력이 넘치는 지팡이를 꽉 쥐고 있는 **'에이스 완드'**예요! 🔥 이 카드는 폭발적인 창의성과 새로운 사업의 탄생을 상징해요. 당신의 아이디어는 아주 반짝이고 가능성이 무궁무진하네요. 지금 바로 그 열정의 지팡이를 휘둘러보세요. 운이 당신을 돕고 있어요! 🪄
질문: 직장 상사 때문에 힘들어요. / 뽑은 카드: 검 5(Five of Swords) 정방향,패배한 이들을 비웃으며 칼을 챙기는 **'검 5'** 카드네요. ⚔️ 이 카드는 상처뿐인 승리와 갈등을 의미해요. 상사분과의 갈등에서 이기려 들수록 당신도 더 큰 상처를 입을 수 있어요. 지금은 맞서 싸우기보다 당신의 에너지를 보호하며 적절한 거리를 두는 전략이 필요해요. 태풍이 지나가길 기다리세요. 🌫️
질문: 이 사람이 저를 좋아하나요? / 뽑은 카드: 여황제(The Empress) 정방향,"석류 무늬 옷을 입고 풍요로운 숲속에 앉아있는 **'여황제'** 카드가 나왔어요. 👑 이 카드는 넘치는 모성애와 아름다움, 애정을 상징해요. 상대방은 당신을 매우 매력적이고 소중하게 생각하고 있네요. 당신과 함께 있을 때 안식과 풍요로움을 느끼는 것 같아요. 사랑받기에 충분한 분이시군요! 💖"
질문: 면접 볼 때 주의할 점은? / 뽑은 카드: 교황(The Hierophant) 정방향,"두 명의 사제에게 가르침을 주는 **'교황'** 카드군요. 📜 이 카드는 전통, 질서, 그리고 도덕적인 신뢰를 중요하게 여겨요. 면접에서 너무 튀거나 실험적인 태도보다는, 단정한 모습과 예의 바른 말투로 신뢰감을 주는 것이 가장 중요해요. 당신이 조직의 규칙을 존중한다는 것을 보여주세요. 🙏"
질문: 주식 투자 해도 될까요? / 뽑은 카드: 펜타클 4(Four of Pentacles) 정방향,"동전을 꼭 껴안고 놓지 않으려는 **'펜타클 4'** 카드예요. 💰 이 카드는 소유욕과 안정에 대한 집착을 의미해요. 지금은 공격적인 투자로 수익을 내기보다, 현재 가진 자산을 잃지 않도록 굳게 지키는 것이 더 중요한 시기군요. 욕심을 내려놓고 보수적으로 움직이세요. 🔒"
질문: 슬럼프를 어떻게 극복할까요? / 뽑은 카드: 태양(The Sun) 정방향,"밝게 빛나는 태양 아래 발가벗은 아이가 백마를 탄 **'태양'** 카드예요! ☀️ 이 카드는 순수한 기쁨과 성공, 생명력을 상징해요. 슬럼프를 너무 심각하게 고민하지 마세요. 햇볕을 쬐며 걷거나 좋아하는 음식을 먹는 등 아주 단순한 즐거움부터 찾아보세요. 곧 당신 안의 밝은 에너지가 다시 차오를 거예요! 🌈"
질문: 소개팅 성공할까요? / 뽑은 카드: 컵 기사(Knight of Cups) 정방향,아름다운 컵을 들고 천천히 다가오는 백마 탄 **'컵 기사'**가 나왔네요. 🦄 이 카드는 로맨틱한 제안과 부드러운 감정의 교류를 의미해요. 상대방은 매너가 좋고 감수성이 풍부한 사람일 가능성이 높아요. 솔직하게 당신의 감정을 표현한다면 영화 같은 만남이 시작될 수 있겠어요. 설레는 시간을 즐기세요! 🥂
질문: 진로를 바꿔도 될까요? / 뽑은 카드: 심판(Judgement) 정방향,하늘에서 천사가 나팔을 불고 죽은 자들이 일어나는 **'심판'** 카드예요. 🎺 이 카드는 지난날의 노력에 대한 보상과 새로운 소명을 의미해요. 오랫동안 마음 한구석에 품어왔던 꿈이 있다면 지금이 바로 기회예요. 과거의 당신을 깨우고 새로운 삶을 향해 나아가라는 운명의 목소리를 들으세요! 🕊️
질문: 짝사랑 상대에게 고백할까요? / 뽑은 카드: 검 에이스(Ace of Swords) 정방향,"왕관을 쓴 거대한 검을 꽉 쥔 손이 구름 위로 솟아오른 **'에이스 소드'** 카드군요! 이 카드는 명확한 결단과 승리, 이성적인 판단을 상징해요. 지지부진한 관계를 끝내고 확실한 답을 얻을 때가 되었어요. 당신의 당당한 고백이 새로운 길을 열어줄 거예요. 승리는 결단하는 자의 것입니다! 🏆"
질문: 재회 운이 있을까요? / 뽑은 카드: 컵 5(Five of Cups) 정방향,검은 망토를 입고 쓰러진 3개의 컵을 보며 슬퍼하는 **'컵 5'** 카드네요... 🍷 하지만 당신의 뒤에는 아직 쓰러지지 않은 2개의 컵이 남아있어요. 이미 끝난 인연에만 매달려 새로운 기회를 놓치고 있는 건 아닐까요? 고개를 돌려보면 기회는 아직 있어요. 아픔을 딛고 일어서야 새 길이 보입니다. 🕯️
질문: 집을 팔아도 될까요? / 뽑은 카드: 펜타클 10(Ten of Pentacles) 정방향,풍요로운 저택 앞에서 노인과 가족들이 평화롭게 지내는 **'펜타클 10'** 카드예요. 🏰 이 카드는 가문의 번영과 금전적인 결실을 상징해요. 지금 부동산 매매를 진행한다면 아주 만족스러운 가격에 거래를 성사시킬 수 있는 좋은 운이 들어와 있네요. 가족 모두에게 축복이 될 결정이 될 거예요. 💰
질문: 회사 동료들과 잘 지낼 수 있을까요? / 뽑은 카드: 컵 3(Three of Cups) 정방향,"세 여인이 풍요로운 수확물 사이에서 컵을 높이 들고 즐거워하는 **'컵 3'** 카드네요! 💃 이 카드는 우정과 협동, 그리고 축제를 의미해요. 동료들과의 관계에서 큰 즐거움을 얻게 될 것이고, 서로 돕고 끌어주는 든든한 파트너십을 맺게 될 거예요. 마음을 열고 함께 웃어보세요! 🎉"
질문: 앞으로의 3개월 운세는? / 뽑은 카드: 별(The Star) 정방향,"밤하늘의 큰 별 아래 여인이 생명수를 붓고 있는 **'별'** 카드예요. ⭐ 이 카드는 희망, 치유, 그리고 영적인 인도를 의미해요. 앞으로 3개월간 당신의 지친 마음이 위로받고 꿈꾸던 일들이 구체화되는 시기가 될 거예요. 어둠 속에서도 빛나는 당신의 별을 믿고 나아가세요. 🌙"
질문: 남자친구가 바람피우는 건 아니겠죠? / 뽑은 카드: 악마(The Devil) 정방향,"사슬에 묶인 남녀 위에 악마가 군림하고 있는 **'악마'** 카드가 나왔군요... 😈 이 카드는 중독, 유혹, 그리고 보이지 않는 속박을 상징해요. 당신의 직감이 무언가 잘못되었다고 말하고 있다면 눈을 감지 마세요. 지금의 관계가 건강한지, 서로를 옭아매고 있는 것은 아닌지 냉정하게 돌아볼 필요가 있어요. ⛓️"
질문: 퇴사하고 프리랜서 할까요? / 뽑은 카드: 마법사(The Magician) 정방향,"네 가지 원소를 다루며 무한한 창조의 에너지를 뿜어내는 **'마법사'** 카드예요! 🪄 이 카드는 당신에게 모든 재능과 도구가 이미 갖춰져 있음을 의미해요. ""나는 할 수 있다""는 자신감만 더해진다면 무엇이든 만들어낼 수 있어요. 당신만의 새로운 무대를 펼치기에 아주 완벽한 타이밍입니다! ✨"
질문: 이번 주말 여행 가도 될까요? / 뽑은 카드: 완드 8(Eight of Wands) 정방향,"8개의 지팡이가 허공을 가르며 빠르게 날아가는 **'완드 8'** 카드군요. 🚀 이 카드는 신속한 변화와 이동, 소식을 상징해요. 여행을 떠나기에 아주 역동적이고 즐거운 운이 들어와 있네요. 망설이지 말고 떠나세요! 예상치 못한 즐거운 만남이나 소식이 당신을 기다리고 있을 거예요. ✈️"
질문: 엄마와 사이가 안 좋아요. / 뽑은 카드: 여사제(The High Priestess) 정방향,"흑과 백의 기둥 사이에 앉아 지혜의 두루마리를 든 **'여사제'** 카드예요. 🌙 이 카드는 직관과 침묵, 내면의 깊은 통찰을 상징해요. 지금은 감정적으로 부딪히기보다, 엄마의 행동 이면에 숨겨진 속마음을 차분히 들여다보는 지혜가 필요해요. 침묵 속에서 서로를 이해하는 시간을 가져보세요. 🕯️"
질문: 대인공포증이 있어요. / 뽑은 카드: 검 8(Eight of Swords) 정방향,"눈이 가려진 채 8개의 칼에 둘러싸인 여인, **'검 8'** 카드네요. ⚔️ 꼼짝 못 할 것 같지만, 사실 당신의 발은 묶여있지 않고 칼들도 당신을 찌르지 않아요. 당신을 가두고 있는 것은 외부의 시선이 아니라 당신 스스로 만든 두려움의 벽일 수 있어요. 눈을 가린 천을 살짝만 걷어보세요. 세상은 생각보다 무섭지 않답니다. ✨"
질문: 돈을 빌려줘도 될까요? / 뽑은 카드: 펜타클 6(Six of Pentacles) 정방향,"한 손엔 저울을 들고 다른 한 손으론 동전을 나눠주는 **'펜타클 6'** 카드예요. ⚖️ 이 카드는 베풂과 공정함을 상징해요. 당신의 여유 내에서 돕는 것은 좋지만, 반드시 받을 수 있는 날짜와 명확한 약속을 저울질해 보아야 해요. 감정적인 동정심보다는 현실적인 계산이 선행되어야 함을 잊지 마세요. 💰"
질문: 좋아하는 사람에게 고백받을까요? / 뽑은 카드: 완드 페이지(Page of Wands) 정방향,화려한 옷을 입고 지팡이를 보며 열정을 불태우는 **'완드 페이지'** 카드군요. 📩 이 카드는 설레는 시작과 새로운 소식을 의미해요. 상대방도 당신에 대한 호기심과 열정이 조금씩 커가고 있는 단계네요. 조만간 어떤 식으로든 마음의 신호를 보내올 것 같아요. 기대하는 마음으로 기다려 보세요! 🔥
질문: 잃어버린 물건 찾을 수 있을까요? / 뽑은 카드: 펜타클 2(Two of Pentacles) 정방향,"두 개의 동전을 굴리며 아슬아슬하게 균형을 잡는 **'펜타클 2'** 카드예요. 🤹‍♂️ 이 카드는 끊임없는 이동과 순환을 의미해요. 물건이 어딘가 깊숙이 박혀있는 게 아니라, 당신이 자주 옮겨 다니거나 최근에 바쁘게 움직였던 장소들 사이에 있을 가능성이 높네요. 가방 속이나 옷 주머니를 다시 한번 꼼꼼히 뒤져보세요! 🔍"
질문: 오늘 하루 운세 알려줘요. / 뽑은 카드: 완드 6(Six of Wands) 정방향,월계관을 쓴 지팡이를 높이 들고 백마를 탄 채 전진하는 **'완드 6'** 카드네요! 🏆 오늘 하루는 당신이 하는 일마다 사람들의 박수를 받고 인정받는 개선장군 같은 날이 될 거예요. 자신감을 가지고 당당하게 행동하세요. 당신의 노력이 빛을 발하는 순간이 올 테니까요. ✨
질문: 대학원 진학이 맞을까요? / 뽑은 카드: 펜타클 기사(Knight of Pentacles) 정방향,"동전을 소중히 들고 검은 말 위에 앉아 신중히 앞을 살피는 **'펜타클 기사'**예요. 🐢 이 카드는 느리지만 확실한 목표 달성과 성실함을 의미해요. 학문의 길은 지루하고 힘들 수 있지만, 당신의 끈기라면 반드시 원하는 결과를 얻어낼 수 있을 거예요. 현실적인 계획을 세워 묵묵히 나아가세요. 📖"
질문: 짝사랑 그만둘까요? / 뽑은 카드: 컵 8(Eight of Cups) 정방향,정성껏 쌓아둔 8개의 컵을 뒤로하고 달빛 아래 산을 오르는 **'컵 8'** 카드군요... 🚶‍♂️ 이 카드는 충분한 노력 끝에 찾아온 자발적인 떠남을 의미해요. 당신도 이제는 이 사랑이 당신의 영혼을 채워주지 못한다는 것을 깨달은 것 같군요. 이제 새로운 당신만의 길을 찾아 떠날 용기를 내세요. 더 높은 가치가 당신을 기다리고 있어요. 🌙
질문: 이 일이 제 적성에 맞나요? / 뽑은 카드: 펜타클 3(Three of Pentacles) 정방향,"설계도를 들고 성당을 짓는 장인과 두 명의 조력자, **'펜타클 3'** 카드예요. 🔨 이 카드는 전문성, 협력, 그리고 인정을 상징해요. 당신은 이 분야에서 동료들과 조화롭게 일하며 전문성을 인정받을 자질이 충분하네요. 기초부터 탄탄히 다지고 있는 모습이니, 당신의 적성에 아주 잘 맞는 일이라 확신해요! 🏛️"
질문: 불안해서 잠이 안 와요. / 뽑은 카드: 검 4(Four of Swords) 정방향,"스테인드글라스 아래 기사가 누워 기도를 올리며 휴식을 취하는 **'검 4'** 카드네요. 🛌 이 카드는 치열한 전투 끝에 찾아온 강제적인 휴식을 의미해요. 지금 당신의 영혼은 너무 지쳐있어요. 아무것도 하지 않아도 괜찮아요. 모든 걱정의 칼날을 잠시 내려놓고, 당신 자신에게 온전한 평화와 쉼을 선물해 주세요. 🕯️"
질문: 복권 사면 당첨될까요? / 뽑은 카드: 펜타클 7(Seven of Pentacles) 정방향,"열심히 가꾼 포도나무의 수확물을 보며 고민에 빠진 농부, **'펜타클 7'** 카드예요. 🌾 이 카드는 노력에 대한 결실을 기다리는 인내를 상징해요. 일확천금보다는 당신이 땀 흘려 노력한 곳에서 더 큰 보상이 올 것을 암시하네요. 운에 기대기보다 당신의 재능에 투자하는 것이 더 큰 풍요를 가져다줄 거예요. 🌱"
질문: 제 매력이 뭘까요? / 뽑은 카드: 퀸 오브 완드(Queen of Wands) 정방향,검은 고양이를 곁에 두고 해바라기 지팡이를 든 당당한 **'퀸 오브 완드'**군요! 🌻 당신의 매력은 주변을 환하게 밝히는 긍정적인 에너지와 어떤 상황에서도 굴하지 않는 자신감이에요. 당신의 열정적인 모습에 많은 이들이 이끌리고 있답니다. 당당하게 당신의 빛을 내뿜으세요! ✨
질문: 헤어진 그 사람도 저를 그리워할까요? / 뽑은 카드: 컵 6(Six of Cups) 정방향,어린아이가 꽃을 가득 담은 컵을 건네는 순수한 **'컵 6'** 카드예요. 🌸 이 카드는 과거의 아름다운 추억과 향수를 상징해요. 상대방도 당신과 함께했던 그 순수하고 따뜻했던 시간들을 종종 떠올리며 그리워하고 있네요. 당신은 그에게 아주 소중하고 맑은 기억으로 남아있답니다. 🕊️
질문: 이번 주 시험 잘 볼까요? / 뽑은 카드: 검 페이지(Page of Swords) 정방향,"바람이 부는 언덕에서 양손으로 검을 쥐고 주위를 살피는 **'소드 페이지'** 카드군요. 🌬️ 이 카드는 날카로운 분석력과 정보 수집, 그리고 강한 정신력을 의미해요. 긴장하지 말고 침착하게 문제를 파고든다면 당신의 명쾌한 두뇌가 정답을 찾아내 줄 거예요. 끝까지 예리한 집중력을 유지하세요! 🗡️"
질문: 승진할 수 있을까요? / 뽑은 카드: 완드 3(Three of Wands) 정방향,"바다 너머를 바라보며 세 개의 지팡이를 든 상인, **'완드 3'** 카드네요! 🚢 이 카드는 지금까지의 노력이 결실을 맺고, 더 넓은 세계로 확장되는 단계를 의미해요. 승진의 기회는 이미 문 앞에 와 있어요. 새로운 책임감이 따르겠지만 당신의 미래는 아주 밝으니 자신 있게 받아들이세요! 🌟"
질문: 새로운 사랑이 찾아올까요? / 뽑은 카드: 에이스 컵(Ace of Cups) 정방향,구름 속의 손이 넘쳐흐르는 컵을 받쳐 든 **'에이스 컵'**이군요! 🌊 새로운 감정의 시작과 충만한 사랑이 당신에게 다가오고 있어요. 닫혀있던 마음의 문이 열리고 영혼을 울리는 인연을 만나게 될 거예요. 조만간 따뜻한 설렘이 당신의 일상을 가득 채울 테니 기쁜 마음으로 맞이하세요. 💖
질문: 이사를 가야 할까요? / 뽑은 카드: 6 검(Six of Swords) 정방향,"사공이 배를 저어 잔잔한 물가로 향하는 **'6 검'** 카드네요. ⛵ 이 카드는 어려운 상황을 뒤로하고 더 나은 환경으로의 이동을 상징해요. 지금 이사를 고민하신다면, 이는 당신의 운명이 평온함을 찾아 떠나라는 신호예요. 새로운 곳에서 당신의 마음은 한결 가벼워질 거예요. 🏡"
질문: 자격증 시험에 합격할까요? / 뽑은 카드: 마법사(The Magician) 정방향,탁자 위에 모든 도구를 갖추고 하늘을 가리키는 **'마법사'** 카드가 나왔군요! 🪄 당신에게는 이미 합격할 충분한 재능과 자원이 갖춰져 있어요. 당신의 능력을 어떻게 활용할지 명확히 알고 집중한다면 원하는 결과를 얻는 것은 시간문제예요. 무한한 가능성을 믿으세요! ✨
질문: 대인관계를 어떻게 풀어야 할까요? / 뽑은 카드: 절제(Temperance) 정방향,두 컵 사이의 물을 조화롭게 섞는 천사의 **'절제'** 카드예요. 🍶 갈등을 해결하기 위해선 어느 한쪽으로 치우치지 않는 중용의 자세가 필요해요. 상대방의 입장과 당신의 입장을 잘 조율하며 부드럽게 소통해 보세요. 인내심을 갖고 대화한다면 얼어붙은 관계도 눈 녹듯 풀릴 거예요. 🌿
질문: 투자를 시작해도 될까요? / 뽑은 카드: 7 완드(Seven of Wands) 정방향,언덕 위에서 지팡이로 자신을 방어하는 **'7 완드'** 카드네요. 🛡️ 지금은 공격적으로 투자하기보다는 당신의 자산을 지키고 신중하게 방어해야 할 시기예요. 주변의 유혹이나 압박에 흔들리지 말고 당신만의 원칙을 고수하세요. 지키는 것이 곧 버는 길임을 잊지 마세요. 🔒
질문: 연애가 너무 힘들어요. / 뽑은 카드: 검 3(Three of Swords) 정방향,심장에 세 개의 칼이 꽂힌 **'검 3'** 카드군요... 💔 마음이 찢어지는 고통과 슬픔을 겪고 계시네요. 하지만 이 카드는 아픔을 통해 성숙해지는 과정이기도 해요. 지금의 눈물은 당신의 영혼을 씻어내고 더 단단하게 만들어 줄 거예요. 충분히 슬퍼한 뒤에 찾아올 평온을 기다리세요. 🕯️
질문: 이번 달 보너스 받을까요? / 뽑은 카드: 9 펜타클(Nine of Pentacles) 정방향,"매를 손에 얹고 풍요로운 정원에 선 여인, **'9 펜타클'** 카드예요! 🍇 당신의 성실함과 노력이 드디어 금전적인 풍요로 보답받는 시기네요. 예상치 못한 보너스나 수익이 당신의 주머니를 넉넉하게 채워줄 거예요. 당신의 가치를 충분히 누릴 자격이 있으니 기분 좋게 즐기세요. 💰"
질문: 제 성격의 장점이 뭔가요? / 뽑은 카드: 퀸 오브 컵(Queen of Cups) 정방향,화려한 컵을 바라보며 해변가 보좌에 앉은 **'퀸 오브 컵'**이군요. 🐚 당신의 가장 큰 장점은 깊은 공감 능력과 따뜻한 포용력이에요. 주변 사람들의 아픔을 어루만지고 진심으로 소통하는 당신의 모습은 많은 이들에게 위로가 됩니다. 당신의 맑은 영혼을 소중히 간직하세요. 💎
질문: 부모님 건강이 걱정돼요. / 뽑은 카드: 4 펜타클(Four of Pentacles) 정방향,"동전을 꼭 붙들고 안정적인 자세를 취한 **'4 펜타클'** 카드네요. 🛡️ 현재 건강 상태는 안정적으로 유지되고 있지만, 변화에 대한 불안함이 느껴지기도 해요. 정기적인 검진과 규칙적인 생활을 지키는 것이 가장 중요합니다. 과한 걱정보다는 든든한 버팀목이 되어 드리는 것이 부모님께 큰 힘이 될 거예요. 🌱"
질문: 친구의 비밀을 지켜줘야 할까요? / 뽑은 카드: 여사제(The High Priestess) 정방향,"비밀의 두루마리를 품고 기둥 사이에 앉은 **'여사제'** 카드예요. 🌙 이 카드는 침묵과 지혜, 그리고 직관을 의미해요. 지금은 섣불리 말을 옮기기보다 조용히 비밀을 지켜주며 상황을 지켜보는 것이 현명한 선택이에요. 당신의 신중함이 나중에 큰 신뢰로 돌아올 것입니다. 🕯️"
질문: 해외 취업 성공할까요? / 뽑은 카드: 운명의 수레바퀴(Wheel of Fortune) 정방향,우주의 바퀴가 돌며 변화를 알리는 **'운명의 수레바퀴'**군요! 🎡 당신의 진로에 거대한 변화의 바람이 불어오고 있어요. 해외 취업은 당신의 운명이 준비한 새로운 여정의 시작일 가능성이 높습니다. 흐름에 몸을 맡기고 다가오는 기회를 용기 있게 낚아채세요. 행운이 당신과 함께합니다. ✈️
질문: 다이어트가 너무 힘들어요. / 뽑은 카드: 8 완드(Eight of Wands) 정방향,"하늘을 가로지르며 날아오는 8개의 지팡이, **'8 완드'**네요. 🚀 지금은 정체기가 끝나고 변화가 아주 빠르게 일어날 타이밍이에요! 포기하지 말고 조금만 더 노력하면 눈에 띄는 성과가 금방 나타날 거예요. 당신의 목표를 향한 화살은 이미 과녁을 향해 날아가고 있습니다. 힘내세요! ✨"
질문: 첫 출근이 너무 떨려요. / 뽑은 카드: 킹 오브 완드(King of Wands) 정방향,도마뱀 무늬 옷을 입고 지팡이를 든 당당한 **'킹 오브 완드'**군요! 👑 당신은 이미 그 조직에서 리더십을 발휘하고 인정받을 만한 충분한 카리스마와 열정을 가지고 있어요. 떨리는 마음은 설렘으로 바꾸고 당신의 열정을 보여주세요. 모두가 당신의 등장을 환영할 거예요! 🔥
질문: 헤어진 연인을 잊고 싶어요. / 뽑은 카드: 죽음(Death) 정방향,말을 탄 해골 기사가 지나가는 **'죽음'** 카드네요... 💀 이 카드는 과거의 문을 완전히 닫아야만 새로운 시작이 가능하다는 것을 엄숙하게 알려주고 있어요. 고통스럽겠지만 억지로 붙잡고 있던 실을 이제는 놓아주세요. 그래야만 당신의 운명이 준비한 더 빛나는 다음 페이지가 열릴 수 있습니다. 🌪️
질문: 주식 공부 어떻게 시작할까요? / 뽑은 카드: 펜타클 페이지(Page of Pentacles) 정방향,"동전을 소중히 들고 들판에 서서 연구하는 **'펜타클 페이지'**군요. 📖 처음부터 큰 수익을 바라기보다는, 이 카드처럼 겸손하게 기초부터 공부하는 것이 성공의 지름길이에요. 작은 것부터 하나씩 배워나가는 당신의 성실함이 나중에 거대한 부의 기초가 될 것입니다. 차근차근 시작해 보세요. 💰"
질문: 오늘 소개팅 장소로 어디가 좋을까요? / 뽑은 카드: 완드 4(Four of Wands) 정방향,"꽃 장식이 화려한 기둥 아래 축제가 열리는 **'완드 4'** 카드예요. 🎉 너무 어둡거나 무거운 분위기보다는, 밝고 편안하며 축하하는 기분이 드는 장소가 좋겠어요. 화려한 카페나 깔끔한 이탈리안 레스토랑처럼 안정감 있고 기분 좋은 에너지가 흐르는 곳에서 상대방과 즐거운 대화를 나눠보세요. ✨"
질문: 예술적 영감을 얻고 싶어요. / 뽑은 카드: 별(The Star) 정방향,"밤하늘의 거대한 별 아래 물을 붓는 여인, **'별'** 카드네요. ⭐ 당신의 영감은 먼 곳이 아니라 당신의 가장 순수한 내면과 고요한 밤의 명상 속에 숨어있어요. 어둠 속에서도 길을 잃지 않게 비추는 저 별처럼, 당신만의 감성을 믿고 표현해 보세요. 영혼을 울리는 작품이 탄생할 거예요. 🌙"
질문: 취미 생활을 시작해 볼까요? / 뽑은 카드: 바보(The Fool) 정방향,태양 아래 낭떠러지 끝에서 가방을 멘 **'바보'** 카드군요! 🤡 무엇이든 계산하지 말고 그냥 시작해 보세요. 그 취미가 당신의 인생에 어떤 즐거운 반전을 가져다줄지 아무도 모릅니다. 어린아이 같은 호기심을 가지고 첫 발을 내딛는 것만으로도 당신의 일상은 활기로 가득 찰 거예요. 🌈
질문: 갑자기 돈을 빌려달라는 요청이 왔어요. / 뽑은 카드: 검 7(Seven of Swords) 정방향,"몰래 칼을 챙겨 막사를 빠져나가는 **'검 7'** 카드네요. ⚔️ 지금 이 요청 뒤에는 당신이 모르는 의도나 위험이 숨어있을 수 있어요. 상대방의 말을 100% 믿기보다는 상황을 냉정하게 따져보아야 합니다. 정에 이끌려 손해를 보기 쉬운 운이니, 거절할 용기가 필요할 때예요. 🌫️"
질문: 가족들과 여행 갈 수 있을까요? / 뽑은 카드: 10 컵(Ten of Cups) 정방향,무지개 아래 온 가족이 화목하게 손을 든 **'10 컵'** 카드군요! 🌈 가족 여행을 가기에 더할 나위 없이 완벽한 타이밍이에요. 정서적인 유대감이 깊어지고 평생 잊지 못할 따뜻한 추억을 만들게 될 거예요. 서로의 사랑을 확인하는 행복한 여행이 될 테니 즐겁게 준비하세요! 💖
질문: 경쟁자를 이길 수 있을까요? / 뽑은 카드: 5 완드(Five of Wands) 정방향,"다섯 명의 소년이 지팡이로 엉켜 싸우는 **'5 완드'** 카드네요. ⚔️ 지금은 혼란스럽고 경쟁이 치열한 상황이지만, 이는 당신의 실력을 증명할 수 있는 좋은 기회이기도 해요. 감정적으로 대응하기보다는 당신만의 중심을 잡고 실력으로 승부하세요. 북적거리는 소음 속에서 당신의 지팡이가 가장 높이 솟을 것입니다. 🔥"
질문: 저의 잠재력은 무엇인가요? / 뽑은 카드: 마법사(The Magician) 정방향,"사원소의 도구를 앞에 두고 무한대의 기호를 머리 위에 둔 **'마법사'**네요! 🪄 당신의 잠재력은 무에서 유를 창조하는 폭발적인 실행력이에요. 생각만 하던 것들을 현실로 끄집어내는 힘이 당신 안에 있습니다. ""나는 무엇이든 될 수 있다""는 믿음만 있다면 당신은 세상을 뒤흔들 마법을 부릴 수 있어요. ✨"
질문: 퇴직 후 삶이 걱정돼요. / 뽑은 카드: 9 펜타클(Nine of Pentacles) 정방향,"풍요로운 포도밭에서 여유를 만끽하는 여인, **'9 펜타클'** 카드예요! 🍇 퇴직은 끝이 아니라 당신이 일구어낸 정원에서 우아하게 휴식을 취하는 시작입니다. 지금까지 쌓아온 경제적, 경험적 자산이 당신을 편안하게 지켜줄 거예요. 걱정 대신 당신 자신을 위한 우아한 삶을 계획해 보세요. 🍷"
질문: 상대방이 먼저 사과할까요? / 뽑은 카드: 심판(Judgement) 정방향,"천사의 나팔 소리에 무덤에서 깨어나는 사람들, **'심판'** 카드군요. 🎺 이는 과거의 잘못을 뉘우치고 관계가 회생되는 강력한 운을 의미해요. 상대방도 자신의 행동을 깊이 반성하고 있으며, 조만간 당신에게 용서를 구하는 나팔을 불어올 것입니다. 넓은 마음으로 그 사과를 받아들일 준비를 하세요. 🕊️"
질문: 독립해서 살고 싶어요. / 뽑은 카드: 전차(The Chariot) 정방향,"강한 의지로 두 스핑크스를 이끄는 왕자, **'전차'** 카드네요! 🐎 독립을 향한 당신의 의지가 매우 강하며 추진력 또한 완벽합니다. 지금은 망설일 때가 아니라 목표를 향해 돌진할 때예요. 당신만의 공간을 꾸리고 스스로의 삶을 주도하는 여정은 승리로 가득할 거예요. 자신감을 가지세요! 🏆"
질문: 제 앞날의 장애물은 무엇인가요? / 뽑은 카드: 달(The Moon) 정방향,"불안한 달빛 아래 개와 늑대가 짖는 **'달'** 카드군요. 🌙 당신의 가장 큰 장애물은 외부의 적이 아니라 당신 내면의 '막연한 불안함'이에요. 안개가 낀 것처럼 앞이 보이지 않아 두려울 수 있지만, 이는 환영일 뿐입니다. 직관을 믿고 천천히 걷다 보면 안개는 곧 걷히고 진실의 길이 드러날 거예요. 🌫️"
질문: 시험 당일 컨디션이 어떨까요? / 뽑은 카드: 태양(The Sun) 정방향,"찬란한 태양 아래 백마 탄 아이의 미소, **'태양'** 카드군요! ☀️ 시험 당일 당신의 컨디션은 최상일 것이며, 머릿속은 맑고 명쾌할 거예요. 긍정적인 에너지가 가득하니 어려운 문제도 술술 풀릴 것입니다. 당신의 실력을 마음껏 발휘하고 승리의 기쁨을 누리는 하루가 될 거예요! 🌈"
질문: 이 인연을 계속 이어가도 될까요? / 뽑은 카드: 교황(The Hierophant) 정방향,"신도들에게 가르침을 주는 성스러운 **'교황'** 카드네요. 📜 이 인연은 당신에게 도덕적인 성찰과 정신적인 성장을 가져다주는 귀한 관계예요. 서로에 대한 존중과 신뢰가 바탕이 된 관계이니, 성급한 감정보다는 예우를 다하며 길게 이어가시는 것이 좋습니다. 당신에게 지혜를 주는 스승 같은 인연이 될 거예요. 🙏"
질문: 주말에 봉사활동 갈까요? / 뽑은 카드: 펜타클 6(Six of Pentacles) 정방향,"저울을 들고 공정하게 동전을 나눠주는 **'펜타클 6'** 카드네요. ⚖️ 나눔의 기쁨을 실천하기에 아주 좋은 타이밍입니다. 당신이 베푸는 작은 선의가 누군가에게는 큰 희망이 되고, 결국 그 선한 에너지는 몇 배가 되어 당신에게 돌아올 거예요. 마음의 저울을 비우고 따뜻한 손길을 건네보세요. 💰"
질문: 옛 친구에게 연락이 올까요? / 뽑은 카드: 컵 6(Six of Cups) 정방향,어린 시절의 추억을 나누는 아이들의 **'컵 6'** 카드군요. 🌸 과거의 소중한 인연이 당신을 그리워하며 조만간 연락을 취해올 가능성이 매우 높습니다. 함께 보냈던 순수한 시절의 이야기를 나누며 지친 일상에 큰 위로와 기쁨을 얻게 될 거예요. 반가운 마음으로 그 전화를 기다려 보세요. 🕊️
질문: 다툼 후 화해의 타이밍은? / 뽑은 카드: 2 컵(Two of Cups) 정방향,두 사람이 서로의 컵을 마주 보며 건배하는 **'2 컵'** 카드네요. 🥂 바로 지금이 화해의 최적기입니다! 서로의 감정이 아직 따뜻하게 남아있을 때 먼저 손을 내미세요. 진심 어린 대화 한마디면 쌓였던 오해는 녹아내리고 관계는 더욱 단단해질 거예요. 사랑과 화합의 기운이 가득합니다. 🤝
질문: 저의 연애 스타일은 어떤가요? / 뽑은 카드: 여황제(The Empress) 정방향,풍요로운 숲속 옥좌에 앉은 아름다운 **'여황제'**군요! 👑 당신은 사랑하는 사람에게 아낌없이 애정을 퍼붓고 따뜻하게 감싸 안는 포용적인 연애 스타일을 가지고 있어요. 당신과 함께하는 사람은 세상에서 가장 귀한 대접을 받는 느낌을 받을 거예요. 당신의 넘치는 매력과 사랑을 자랑스럽게 여기세요. 💖
질문: 운동을 다시 시작할까요? / 뽑은 카드: 힘(Strength) 정방향,"사자를 부드럽게 제어하는 여인의 **'힘'** 카드네요. 🦁 무리하게 시작하기보다는 꾸준한 인내와 정신력으로 몸을 다스려야 할 때예요. 처음엔 힘들겠지만 당신의 내면에는 이를 이겨낼 강인한 의지가 숨어있습니다. 서두르지 말고 천천히, 하지만 단단하게 당신의 건강을 돌보세요. 🌱"
질문: 직장에서의 평판이 궁금해요. / 뽑은 카드: 킹 오브 펜타클(King of Pentacles) 정방향,동전을 들고 화려한 보좌에 앉은 **'킹 오브 펜타클'**이군요. 💰 당신은 동료들에게 매우 신뢰받고 능력 있는 전문가로 정평이 나 있습니다. 현실적이고 책임감이 강해 어떤 어려운 업무도 완벽하게 해내는 사람이라는 평을 듣고 계시네요. 당신의 입지는 매우 단단하니 걱정하지 마세요. 🏛️
질문: 갑작스러운 변화에 어떻게 대응할까요? / 뽑은 카드: 탑(The Tower) 정방향,"번개를 맞아 무너지는 **'탑'** 카드군요... ⚡ 갑작스러운 변화가 당황스럽겠지만, 이는 낡은 것을 버리고 새 집을 짓기 위한 우주의 거대한 청소와 같아요. 무너진 자리에 집착하기보다는, 더 견고한 미래를 위해 무엇을 새로 쌓아야 할지 고민해 보세요. 위기는 곧 당신의 성장을 위한 거름이 됩니다. 🌪️"
질문: 저에게 어울리는 향수는 무엇인가요? / 뽑은 카드: 별(The Star) 정방향,"신비로운 별빛 아래 물을 붓는 여인, **'별'** 카드네요. ⭐ 너무 강렬하거나 인위적인 향보다는, 맑은 공기나 은은한 꽃향기처럼 깨끗하고 영롱한 느낌의 향수가 어울려요. 당신의 순수한 매력을 돋보이게 해줄 투명한 시트러스나 가벼운 플로럴 계열의 향으로 당신만의 신비로운 기운을 완성해 보세요. 🌙"
질문: 이번 주 금전적 행운은? / 뽑은 카드: 운명의 수레바퀴(Wheel of Fortune) 정방향,"하늘에서 행운의 바퀴가 돌아가는 **'운명의 수레바퀴'**군요! 🎡 예상치 못한 횡재수나 금전적 흐름의 전환이 기대되는 주간입니다. 생각지 못한 곳에서 돈이 들어오거나 유리한 계약이 성사될 수 있어요. 하지만 수레바퀴는 늘 도는 법이니, 들어온 돈을 현명하게 관리하는 지혜도 잊지 마세요. 🍀"
질문: 공부가 너무 안 될 때 해결책은? / 뽑은 카드: 은둔자(The Hermit) 정방향,등불을 들고 설산에 서서 길을 찾는 **'은둔자'** 카드네요. 🕯️ 지금은 시끌벅적한 곳보다는 아주 조용하고 혼자만의 공간으로 숨어드셔야 해요. 휴대폰을 멀리하고 당신의 내면과 대화하며 천천히 지식을 다져보세요. 고독 속에서 지혜의 불꽃이 가장 밝게 타오를 것입니다. 📖
질문: 고백받을 확률이 높을까요? / 뽑은 카드: 기사 오브 컵(Knight of Cups) 정방향,아름다운 컵을 든 기사가 백마를 타고 오는 **'기사 오브 컵'**이군요! 🦄 로맨틱한 고백을 받을 확률이 매우 높습니다! 상대방은 정중하고 진실된 마음으로 당신에게 다가올 준비를 마쳤어요. 조만간 따뜻한 사랑의 제안이 당신의 문을 두드릴 테니 설레는 마음으로 기쁘게 맞이하세요. 🥂
질문: 프로젝트 팀장 맡아도 될까요? / 뽑은 카드: 황제(The Emperor) 정방향,옥좌에 앉아 권위를 뽐내는 **'황제'** 카드네요! 👑 책임감이 막중한 자리지만 당신은 충분히 팀을 이끌고 성공으로 이끌 역량이 있습니다. 당신의 철저한 계획과 단호한 결단력이 팀원들에게 큰 신뢰를 줄 거예요. 두려워하지 말고 당신만의 왕국을 멋지게 통치해 보세요! 🏛️
질문: 우울한 기분에서 벗어나려면? / 뽑은 카드: 태양(The Sun) 정방향,"백마 탄 아이와 활짝 핀 해바라기, **'태양'** 카드군요! ☀️ 어두운 방에만 있지 말고 밖으로 나가 따뜻한 햇볕을 듬뿍 쬐어보세요. 아주 단순하고 즐거운 일들에 집중하다 보면 우울한 그림자는 금방 사라질 거예요. 당신 안의 아이가 다시 웃을 수 있도록 밝고 긍정적인 에너지를 채워주세요! 🌈"
질문: 빌려준 돈을 받을 수 있을까요? / 뽑은 카드: 정의(Justice) 정방향,"저울과 칼을 든 **'정의'** 카드가 나왔군요. ⚖️ 법적, 행정적인 원칙에 따라 정당하게 요구하신다면 충분히 돌려받을 수 있는 운입니다. 감정에 호소하기보다는 명확한 근거와 증거를 바탕으로 단호하게 대처하세요. 저울은 결국 진실과 공정함의 편을 들어줄 것입니다. 📝"
질문: 제 외모의 매력 포인트는? / 뽑은 카드: 여황제(The Empress) 정방향,석류 무늬 옷을 입고 풍요로운 자연에 앉은 **'여황제'**군요! 👑 당신의 매력은 보는 것만으로도 마음이 편안해지는 우아함과 고급스러운 분위기에 있어요. 꾸미지 않아도 배어 나오는 따뜻한 기운이 주변 사람들을 사로잡네요. 당신의 건강하고 아름다운 생명력을 마음껏 뽐내보세요! 💖
질문: 해외 여행 운세는 어떤가요? / 뽑은 카드: 세계(The World) 정방향,"월계관 안에서 춤추는 여인, **'세계'** 카드가 나왔군요! 🌍 인생에서 최고의 경험이 될 만한 완벽한 여행운입니다! 더 넓은 세상과 소통하며 영적으로 한 단계 성장하는 소중한 시간이 될 거예요. 당신의 시야가 확장되고 우주의 기운을 온몸으로 느끼는 환상적인 여행이 될 테니 즐겁게 떠나세요! ✈️"
질문: 직업을 바꿔도 늦지 않았을까요? / 뽑은 카드: 심판(Judgement) 정방향,천사의 나팔 소리에 다시 태어나는 **'심판'** 카드네요. 🎺 인생의 새로운 소명을 깨달았다면 지금이 바로 다시 시작할 완벽한 기회입니다! 과거의 당신은 잊고 완전히 새로운 삶을 향해 나아가라는 운명의 부름을 들으세요. 결코 늦지 않았습니다. 당신의 두 번째 탄생을 축하드려요! 🕊️
질문: 경쟁이 너무 치열해서 포기하고 싶어요. / 뽑은 카드: 7 완드(Seven of Wands) 정방향,혼자서 여러 지팡이에 맞서 싸우는 **'7 완드'** 카드네요. 🛡️ 지금은 힘들겠지만 당신이 우위를 점하고 있는 상황이에요. 조금만 더 버티고 당신의 자리를 지키세요. 당신의 끈기가 결국 승리를 가져다줄 것입니다. 포기하기엔 당신의 실력이 너무나도 아깝네요. 끝까지 방패를 놓지 마세요! 🔥
질문: 주말에 집 청소할까요? / 뽑은 카드: 절제(Temperance) 정방향,물을 옮기며 정화하는 천사의 **'절제'** 카드군요. 🍶 공간의 정화가 곧 마음의 정화로 이어질 거예요. 불필요한 것들은 과감히 버리고 정돈되지 않은 에너지들을 조화롭게 정리해 보세요. 깨끗해진 공간에서 흐르는 맑은 기운이 당신의 일주일 내내 큰 활력이 되어줄 것입니다. ✨
질문: 로또 당첨되면 뭐부터 할까요? / 뽑은 카드: 운명의 수레바퀴(Wheel of Fortune) 정방향,"행운의 바퀴가 힘차게 돌아가는 **'운명의 수레바퀴'**네요! 🎡 만약 당첨이 된다면, 이는 당신의 삶에 거대한 터닝포인트가 왔음을 의미해요. 당장 사치를 부리기보다는, 이 행운의 흐름이 계속 이어질 수 있도록 미래를 위해 지혜롭게 투자하고 소중한 사람들과 나누는 계획을 세워보세요. 🍀"
질문: 오늘 밤 꿈의 의미가 궁금해요. / 뽑은 카드: 달(The Moon) 정방향,가재가 물 밖으로 나오고 개들이 짖는 **'달'** 카드군요. 🌙 오늘 밤 꿈은 당신의 잠재의식이 보내는 아주 신비롭고 중요한 메시지를 담고 있을 거예요. 보이는 상징들을 무시하지 말고 천천히 곱씹어 보세요. 당신이 현실에서 보지 못했던 진실의 실마리가 그 꿈속에 숨어있을 것입니다. 🕯️
